episode,steps,reward,visited,n_floor,visited_ratio
1,33,19.469999999999988,23,23,1.0
2,200,-2.0000000000000013,1,17,0.058823529411764705
3,37,15.029999999999985,20,20,1.0
4,25,19.949999999999992,22,22,1.0
5,16,15.840000000000002,17,17,1.0
6,34,18.059999999999985,22,22,1.0
7,33,15.869999999999992,20,20,1.0
8,39,18.20999999999998,23,23,1.0
9,34,19.259999999999984,23,23,1.0
10,26,14.939999999999994,18,18,1.0
11,35,17.849999999999984,22,22,1.0
12,31,16.289999999999992,20,20,1.0
13,8,7.920000000000001,9,9,1.0
14,27,19.52999999999999,22,22,1.0
15,29,16.709999999999994,20,20,1.0
16,35,17.849999999999984,22,22,1.0
17,31,16.289999999999992,20,20,1.0
18,25,17.549999999999997,20,20,1.0
19,19,12.810000000000002,15,15,1.0
20,38,18.41999999999998,23,23,1.0
21,16,11.04,13,13,1.0
22,16,15.840000000000002,17,17,1.0
23,29,11.90999999999999,16,16,1.0
24,33,15.869999999999992,20,20,1.0
25,32,16.079999999999988,20,20,1.0
26,36,18.839999999999982,23,23,1.0
27,29,20.309999999999988,23,23,1.0
28,31,16.289999999999992,20,20,1.0
29,23,17.97,20,20,1.0
30,31,16.289999999999992,20,20,1.0
31,22,15.78,18,18,1.0
32,34,19.259999999999984,23,23,1.0
33,24,21.359999999999992,23,23,1.0
34,37,15.029999999999987,20,20,1.0
35,33,15.86999999999999,20,20,1.0
36,31,16.289999999999992,20,20,1.0
37,29,16.709999999999994,20,20,1.0
38,19,11.61,14,14,1.0
39,34,19.259999999999984,23,23,1.0
40,33,15.86999999999999,20,20,1.0
41,33,15.869999999999992,20,20,1.0
42,24,20.159999999999993,22,22,1.0
43,33,15.869999999999989,20,20,1.0
44,23,17.97,20,20,1.0
45,28,20.51999999999999,23,23,1.0
46,33,15.86999999999999,20,20,1.0
47,23,17.97,20,20,1.0
48,27,17.13,20,20,1.0
49,29,16.709999999999997,20,20,1.0
50,15,8.850000000000001,11,11,1.0
51,12,7.080000000000001,9,9,1.0
52,29,20.309999999999988,23,23,1.0
53,23,20.369999999999994,22,22,1.0
54,31,16.289999999999992,20,20,1.0
55,37,15.029999999999989,20,20,1.0
56,23,13.170000000000002,16,16,1.0
57,27,11.12999999999999,15,15,1.0
58,37,15.029999999999987,20,20,1.0
59,33,19.469999999999985,23,23,1.0
60,28,19.31999999999999,22,22,1.0
61,30,20.099999999999987,23,23,1.0
62,31,16.289999999999992,20,20,1.0
63,26,19.73999999999999,22,22,1.0
64,24,20.159999999999993,22,22,1.0
65,28,16.91999999999999,20,20,1.0
66,33,15.86999999999999,20,20,1.0
67,18,14.22,16,16,1.0
68,25,21.14999999999999,23,23,1.0
69,29,16.709999999999994,20,20,1.0
70,8,7.920000000000001,9,9,1.0
71,37,15.029999999999989,20,20,1.0
72,25,17.549999999999994,20,20,1.0
73,26,20.93999999999999,23,23,1.0
74,24,21.359999999999992,23,23,1.0
75,31,19.889999999999986,23,23,1.0
76,33,19.469999999999988,23,23,1.0
77,24,14.159999999999998,17,17,1.0
78,25,19.949999999999992,22,22,1.0
79,31,16.289999999999992,20,20,1.0
80,30,18.899999999999988,22,22,1.0
81,23,17.97,20,20,1.0
82,21,8.789999999999994,12,12,1.0
83,27,17.13,20,20,1.0
84,33,18.269999999999985,22,22,1.0
85,34,19.259999999999984,23,23,1.0
86,31,16.289999999999992,20,20,1.0
87,31,18.689999999999987,22,22,1.0
88,29,20.309999999999988,23,23,1.0
89,27,11.12999999999999,15,15,1.0
90,30,16.49999999999999,20,20,1.0
91,12,7.080000000000001,9,9,1.0
92,35,17.849999999999984,22,22,1.0
93,22,21.779999999999994,23,23,1.0
94,38,18.41999999999998,23,23,1.0
95,32,16.079999999999988,20,20,1.0
96,31,16.289999999999992,20,20,1.0
97,28,16.91999999999999,20,20,1.0
98,33,15.869999999999992,20,20,1.0
99,32,18.47999999999999,22,22,1.0
100,25,21.14999999999999,23,23,1.0
101,27,20.72999999999999,23,23,1.0
102,37,15.029999999999987,20,20,1.0
103,200,-2.0000000000000013,1,11,0.09090909090909091
104,33,15.869999999999994,20,20,1.0
105,37,18.62999999999998,23,23,1.0
106,15,8.850000000000001,11,11,1.0
107,32,16.079999999999988,20,20,1.0
108,200,-2.0000000000000013,1,10,0.1
109,36,18.839999999999982,23,23,1.0
110,30,16.49999999999999,20,20,1.0
111,28,14.519999999999992,18,18,1.0
112,33,15.869999999999992,20,20,1.0
113,34,19.259999999999984,23,23,1.0
114,33,19.469999999999985,23,23,1.0
115,29,20.309999999999988,23,23,1.0
116,28,20.51999999999999,23,23,1.0
117,15,14.850000000000001,16,16,1.0
118,37,15.029999999999989,20,20,1.0
119,35,17.849999999999984,22,22,1.0
120,200,-2.0000000000000013,1,16,0.0625
121,31,19.889999999999986,23,23,1.0
122,22,18.179999999999996,20,20,1.0
123,27,17.129999999999995,20,20,1.0
124,37,15.029999999999987,20,20,1.0
125,26,17.339999999999993,20,20,1.0
126,35,19.049999999999983,23,23,1.0
127,12,11.88,13,13,1.0
128,25,17.549999999999997,20,20,1.0
129,27,20.72999999999999,23,23,1.0
130,29,11.90999999999999,16,16,1.0
131,15,10.05,12,12,1.0
132,37,15.029999999999987,20,20,1.0
133,32,18.479999999999986,22,22,1.0
134,25,17.549999999999997,20,20,1.0
135,29,16.709999999999994,20,20,1.0
136,37,15.029999999999987,20,20,1.0
137,31,19.889999999999986,23,23,1.0
138,35,17.849999999999984,22,22,1.0
139,28,19.31999999999999,22,22,1.0
140,22,15.780000000000001,18,18,1.0
141,27,19.52999999999999,22,22,1.0
142,23,15.57,18,18,1.0
143,37,15.029999999999987,20,20,1.0
144,16,8.64,11,11,1.0
145,12,8.280000000000001,10,10,1.0
146,27,20.72999999999999,23,23,1.0
147,32,16.079999999999988,20,20,1.0
148,24,17.759999999999994,20,20,1.0
149,32,18.47999999999999,22,22,1.0
150,200,-2.0000000000000013,1,11,0.09090909090909091
151,24,20.159999999999993,22,22,1.0
152,30,20.099999999999987,23,23,1.0
153,34,19.259999999999984,23,23,1.0
154,31,16.289999999999992,20,20,1.0
155,34,18.059999999999985,22,22,1.0
156,39,18.20999999999998,23,23,1.0
157,14,7.860000000000001,10,10,1.0
158,33,15.86999999999999,20,20,1.0
159,25,17.549999999999997,20,20,1.0
160,34,19.259999999999984,23,23,1.0
161,29,16.709999999999994,20,20,1.0
162,10,8.700000000000001,10,10,1.0
163,21,8.789999999999994,12,12,1.0
164,31,16.289999999999992,20,20,1.0
165,25,19.949999999999992,22,22,1.0
166,32,19.679999999999986,23,23,1.0
167,23,20.369999999999994,22,22,1.0
168,31,16.289999999999996,20,20,1.0
169,37,17.429999999999982,22,22,1.0
170,200,-2.0000000000000013,1,12,0.08333333333333333
171,37,15.029999999999987,20,20,1.0
172,27,20.729999999999993,23,23,1.0
173,37,15.029999999999985,20,20,1.0
174,31,16.289999999999992,20,20,1.0
175,21,14.790000000000001,17,17,1.0
176,25,13.949999999999996,17,17,1.0
177,23,21.569999999999993,23,23,1.0
178,34,19.259999999999987,23,23,1.0
179,25,17.549999999999997,20,20,1.0
180,26,17.339999999999993,20,20,1.0
181,35,17.849999999999984,22,22,1.0
182,37,15.029999999999987,20,20,1.0
183,29,19.10999999999999,22,22,1.0
184,26,14.939999999999994,18,18,1.0
185,37,15.029999999999985,20,20,1.0
186,34,18.059999999999985,22,22,1.0
187,30,18.899999999999988,22,22,1.0
188,34,18.059999999999985,22,22,1.0
189,22,18.179999999999996,20,20,1.0
190,19,8.009999999999998,11,11,1.0
191,200,-2.0000000000000013,1,13,0.07692307692307693
192,22,13.379999999999995,16,16,1.0
193,8,7.920000000000001,9,9,1.0
194,31,19.889999999999986,23,23,1.0
195,26,20.93999999999999,23,23,1.0
196,20,16.2,18,18,1.0
197,20,14.999999999999998,17,17,1.0
198,26,20.93999999999999,23,23,1.0
199,24,20.159999999999993,22,22,1.0
200,21,14.790000000000001,17,17,1.0
201,31,19.889999999999986,23,23,1.0
202,26,20.93999999999999,23,23,1.0
203,31,16.289999999999992,20,20,1.0
204,25,17.55,20,20,1.0
205,27,11.12999999999999,15,15,1.0
206,13,8.07,10,10,1.0
207,37,18.62999999999998,23,23,1.0
208,28,19.31999999999999,22,22,1.0
209,33,15.86999999999999,20,20,1.0
210,37,18.62999999999998,23,23,1.0
211,38,18.41999999999998,23,23,1.0
212,33,15.86999999999999,20,20,1.0
213,36,17.639999999999983,22,22,1.0
214,24,12.959999999999999,16,16,1.0
215,12,11.88,13,13,1.0
216,24,20.159999999999993,22,22,1.0
217,33,15.869999999999996,20,20,1.0
218,25,17.55,20,20,1.0
219,10,8.700000000000001,10,10,1.0
220,12,7.080000000000001,9,9,1.0
221,33,19.469999999999985,23,23,1.0
222,27,20.72999999999999,23,23,1.0
223,12,11.88,13,13,1.0
224,33,15.869999999999996,20,20,1.0
225,24,17.759999999999994,20,20,1.0
226,30,18.899999999999988,22,22,1.0
227,29,19.10999999999999,22,22,1.0
228,35,17.849999999999984,22,22,1.0
229,36,17.639999999999983,22,22,1.0
230,23,11.969999999999997,15,15,1.0
231,33,15.86999999999999,20,20,1.0
232,30,16.49999999999999,20,20,1.0
233,31,16.289999999999992,20,20,1.0
234,24,12.959999999999994,16,16,1.0
235,31,16.289999999999992,20,20,1.0
236,32,19.679999999999986,23,23,1.0
237,22,13.379999999999999,16,16,1.0
238,11,9.690000000000001,11,11,1.0
239,37,15.029999999999985,20,20,1.0
240,27,20.72999999999999,23,23,1.0
241,26,19.73999999999999,22,22,1.0
242,31,16.289999999999992,20,20,1.0
243,27,20.72999999999999,23,23,1.0
244,33,13.469999999999988,18,18,1.0
245,28,20.51999999999999,23,23,1.0
246,31,16.289999999999992,20,20,1.0
247,33,15.869999999999992,20,20,1.0
248,27,20.729999999999993,23,23,1.0
249,39,18.20999999999998,23,23,1.0
250,22,14.579999999999998,17,17,1.0
251,12,11.88,13,13,1.0
252,28,16.919999999999995,20,20,1.0
253,33,18.26999999999999,22,22,1.0
254,32,16.07999999999999,20,20,1.0
255,34,18.059999999999985,22,22,1.0
256,12,9.48,11,11,1.0
257,35,19.049999999999983,23,23,1.0
258,39,18.20999999999998,23,23,1.0
259,23,20.369999999999994,22,22,1.0
260,39,18.20999999999998,23,23,1.0
261,15,14.850000000000001,16,16,1.0
262,33,15.86999999999999,20,20,1.0
263,31,16.289999999999992,20,20,1.0
264,8,7.920000000000001,9,9,1.0
265,26,20.939999999999994,23,23,1.0
266,32,16.079999999999988,20,20,1.0
267,26,19.739999999999995,22,22,1.0
268,35,17.849999999999987,22,22,1.0
269,18,14.219999999999999,16,16,1.0
270,28,19.319999999999993,22,22,1.0
271,37,18.62999999999998,23,23,1.0
272,25,17.549999999999997,20,20,1.0
273,21,20.789999999999996,22,22,1.0
274,27,17.129999999999995,20,20,1.0
275,24,16.559999999999995,19,19,1.0
276,33,19.469999999999985,23,23,1.0
277,22,21.779999999999994,23,23,1.0
278,37,15.029999999999985,20,20,1.0
279,12,8.280000000000001,10,10,1.0
280,34,19.259999999999984,23,23,1.0
281,29,19.10999999999999,22,22,1.0
282,26,19.73999999999999,22,22,1.0
283,32,19.67999999999999,23,23,1.0
284,23,17.97,20,20,1.0
285,29,16.709999999999994,20,20,1.0
286,37,18.62999999999998,23,23,1.0
287,29,11.90999999999999,16,16,1.0
288,36,17.639999999999983,22,22,1.0
289,23,20.369999999999994,22,22,1.0
290,31,12.68999999999999,17,17,1.0
291,26,20.93999999999999,23,23,1.0
292,25,17.549999999999997,20,20,1.0
293,31,16.289999999999992,20,20,1.0
294,8,7.920000000000001,9,9,1.0
295,31,16.289999999999992,20,20,1.0
296,32,16.079999999999988,20,20,1.0
297,33,15.869999999999992,20,20,1.0
298,17,9.629999999999999,12,12,1.0
299,23,20.369999999999994,22,22,1.0
300,37,15.029999999999987,20,20,1.0
301,37,15.029999999999985,20,20,1.0
302,27,20.72999999999999,23,23,1.0
303,14,9.06,11,11,1.0
304,37,17.429999999999982,22,22,1.0
305,22,18.179999999999996,20,20,1.0
306,200,-2.0000000000000013,1,10,0.1
307,24,11.759999999999994,15,15,1.0
308,25,21.14999999999999,23,23,1.0
309,39,18.20999999999998,23,23,1.0
310,23,13.169999999999995,16,16,1.0
311,29,16.709999999999997,20,20,1.0
312,33,19.469999999999988,23,23,1.0
313,25,17.549999999999997,20,20,1.0
314,31,19.889999999999986,23,23,1.0
315,25,17.549999999999997,20,20,1.0
316,31,16.289999999999992,20,20,1.0
317,29,16.709999999999997,20,20,1.0
318,30,20.099999999999987,23,23,1.0
319,37,18.62999999999998,23,23,1.0
320,32,18.47999999999999,22,22,1.0
321,18,16.62,18,18,1.0
322,37,15.029999999999987,20,20,1.0
323,36,18.839999999999982,23,23,1.0
324,27,17.13,20,20,1.0
325,29,16.709999999999994,20,20,1.0
326,25,10.349999999999993,14,14,1.0
327,14,7.860000000000001,10,10,1.0
328,11,9.690000000000001,11,11,1.0
329,37,15.029999999999987,20,20,1.0
330,33,19.469999999999985,23,23,1.0
331,27,20.72999999999999,23,23,1.0
332,27,14.729999999999995,18,18,1.0
333,30,16.49999999999999,20,20,1.0
334,34,19.259999999999984,23,23,1.0
335,37,15.029999999999985,20,20,1.0
336,29,16.709999999999994,20,20,1.0
337,14,9.06,11,11,1.0
338,29,16.709999999999997,20,20,1.0
339,18,13.02,15,15,1.0
340,25,17.549999999999994,20,20,1.0
341,31,18.68999999999999,22,22,1.0
342,34,18.059999999999985,22,22,1.0
343,27,17.13,20,20,1.0
344,17,14.430000000000001,16,16,1.0
345,30,16.49999999999999,20,20,1.0
346,31,19.889999999999986,23,23,1.0
347,26,19.73999999999999,22,22,1.0
348,37,17.429999999999982,22,22,1.0
349,18,14.22,16,16,1.0
350,27,20.72999999999999,23,23,1.0
351,21,13.590000000000002,16,16,1.0
352,33,15.86999999999999,20,20,1.0
353,23,13.169999999999996,16,16,1.0
354,27,17.129999999999995,20,20,1.0
355,22,18.179999999999996,20,20,1.0
356,24,20.159999999999993,22,22,1.0
357,32,18.479999999999986,22,22,1.0
358,11,9.690000000000001,11,11,1.0
359,27,14.729999999999997,18,18,1.0
360,17,15.63,17,17,1.0
361,24,21.359999999999992,23,23,1.0
362,37,15.029999999999989,20,20,1.0
363,25,21.14999999999999,23,23,1.0
364,27,17.13,20,20,1.0
365,36,17.639999999999983,22,22,1.0
366,33,19.469999999999985,23,23,1.0
367,31,18.689999999999987,22,22,1.0
368,18,16.62,18,18,1.0
369,37,15.029999999999985,20,20,1.0
370,10,8.700000000000001,10,10,1.0
371,30,18.89999999999999,22,22,1.0
372,37,15.029999999999987,20,20,1.0
373,29,19.10999999999999,22,22,1.0
374,37,18.62999999999998,23,23,1.0
375,25,19.949999999999996,22,22,1.0
376,28,20.51999999999999,23,23,1.0
377,34,18.059999999999985,22,22,1.0
378,22,18.179999999999996,20,20,1.0
379,35,19.049999999999983,23,23,1.0
380,15,13.650000000000002,15,15,1.0
381,21,14.790000000000001,17,17,1.0
382,37,17.429999999999982,22,22,1.0
383,18,15.42,17,17,1.0
384,28,16.919999999999998,20,20,1.0
385,31,16.28999999999999,20,20,1.0
386,33,19.469999999999985,23,23,1.0
387,27,20.729999999999993,23,23,1.0
388,16,9.839999999999998,12,12,1.0
389,16,8.64,11,11,1.0
390,24,20.159999999999993,22,22,1.0
391,16,8.64,11,11,1.0
392,33,13.46999999999999,18,18,1.0
393,21,18.389999999999997,20,20,1.0
394,17,15.63,17,17,1.0
395,28,20.51999999999999,23,23,1.0
396,31,16.289999999999992,20,20,1.0
397,15,14.850000000000001,16,16,1.0
398,28,16.91999999999999,20,20,1.0
399,27,17.129999999999995,20,20,1.0
400,29,20.309999999999988,23,23,1.0
401,29,20.309999999999988,23,23,1.0
402,35,17.849999999999984,22,22,1.0
403,32,19.679999999999986,23,23,1.0
404,37,15.029999999999987,20,20,1.0
405,200,-2.0000000000000013,1,12,0.08333333333333333
406,36,18.839999999999982,23,23,1.0
407,27,13.529999999999994,17,17,1.0
408,11,4.890000000000001,7,7,1.0
409,27,17.129999999999992,20,20,1.0
410,38,18.419999999999984,23,23,1.0
411,23,17.969999999999995,20,20,1.0
412,29,20.309999999999988,23,23,1.0
413,30,18.899999999999988,22,22,1.0
414,30,18.899999999999988,22,22,1.0
415,28,16.919999999999998,20,20,1.0
416,22,20.579999999999995,22,22,1.0
417,22,20.579999999999995,22,22,1.0
418,30,18.899999999999988,22,22,1.0
419,33,18.269999999999985,22,22,1.0
420,23,20.369999999999994,22,22,1.0
421,9,8.91,10,10,1.0
422,17,9.63,12,12,1.0
423,29,20.309999999999988,23,23,1.0
424,32,16.07999999999999,20,20,1.0
425,24,17.759999999999994,20,20,1.0
426,22,14.58,17,17,1.0
427,200,-2.0000000000000013,1,12,0.08333333333333333
428,26,20.93999999999999,23,23,1.0
429,28,20.51999999999999,23,23,1.0
430,32,16.079999999999995,20,20,1.0
431,25,21.14999999999999,23,23,1.0
432,25,17.549999999999997,20,20,1.0
433,28,19.31999999999999,22,22,1.0
434,14,7.860000000000001,10,10,1.0
435,24,20.159999999999993,22,22,1.0
436,200,-2.0000000000000013,1,11,0.09090909090909091
437,24,20.159999999999993,22,22,1.0
438,34,18.059999999999985,22,22,1.0
439,32,19.67999999999999,23,23,1.0
440,30,20.099999999999987,23,23,1.0
441,33,19.469999999999985,23,23,1.0
442,26,20.93999999999999,23,23,1.0
443,27,17.129999999999995,20,20,1.0
444,30,16.49999999999999,20,20,1.0
445,39,18.20999999999998,23,23,1.0
446,31,19.889999999999986,23,23,1.0
447,33,18.269999999999985,22,22,1.0
448,21,20.789999999999996,22,22,1.0
449,24,20.159999999999993,22,22,1.0
450,36,18.839999999999982,23,23,1.0
451,19,8.01,11,11,1.0
452,22,20.579999999999995,22,22,1.0
453,24,20.159999999999993,22,22,1.0
454,39,18.20999999999998,23,23,1.0
455,14,9.059999999999997,11,11,1.0
456,28,14.519999999999992,18,18,1.0
457,30,16.49999999999999,20,20,1.0
458,24,21.359999999999992,23,23,1.0
459,31,18.689999999999987,22,22,1.0
460,26,20.93999999999999,23,23,1.0
461,33,15.869999999999992,20,20,1.0
462,25,21.14999999999999,23,23,1.0
463,32,16.079999999999988,20,20,1.0
464,22,13.379999999999995,16,16,1.0
465,29,20.30999999999999,23,23,1.0
466,24,21.359999999999992,23,23,1.0
467,27,19.52999999999999,22,22,1.0
468,29,20.309999999999988,23,23,1.0
469,37,15.029999999999987,20,20,1.0
470,26,17.339999999999996,20,20,1.0
471,31,16.289999999999992,20,20,1.0
472,31,12.689999999999989,17,17,1.0
473,37,15.029999999999987,20,20,1.0
474,27,19.52999999999999,22,22,1.0
475,11,4.890000000000001,7,7,1.0
476,14,7.860000000000001,10,10,1.0
477,23,21.569999999999993,23,23,1.0
478,32,16.079999999999988,20,20,1.0
479,26,17.339999999999993,20,20,1.0
480,27,17.129999999999992,20,20,1.0
481,34,18.059999999999985,22,22,1.0
482,31,16.289999999999992,20,20,1.0
483,38,18.41999999999998,23,23,1.0
484,27,20.72999999999999,23,23,1.0
485,33,15.869999999999992,20,20,1.0
486,37,15.029999999999985,20,20,1.0
487,39,18.20999999999998,23,23,1.0
488,32,19.67999999999999,23,23,1.0
489,23,21.569999999999993,23,23,1.0
490,32,16.07999999999999,20,20,1.0
491,27,13.529999999999996,17,17,1.0
492,18,13.02,15,15,1.0
493,31,16.289999999999992,20,20,1.0
494,25,19.949999999999992,22,22,1.0
495,30,20.099999999999987,23,23,1.0
496,21,12.389999999999995,15,15,1.0
497,22,13.379999999999997,16,16,1.0
498,28,19.31999999999999,22,22,1.0
499,27,15.929999999999994,19,19,1.0
500,33,13.469999999999988,18,18,1.0
501,36,17.639999999999983,22,22,1.0
502,24,20.159999999999993,22,22,1.0
503,37,15.029999999999987,20,20,1.0
504,24,17.759999999999994,20,20,1.0
505,31,16.289999999999992,20,20,1.0
506,30,18.899999999999988,22,22,1.0
507,34,19.259999999999987,23,23,1.0
508,15,11.249999999999998,13,13,1.0
509,25,19.949999999999992,22,22,1.0
510,9,8.91,10,10,1.0
511,28,20.51999999999999,23,23,1.0
512,200,-2.0000000000000013,1,10,0.1
513,26,19.73999999999999,22,22,1.0
514,32,18.479999999999986,22,22,1.0
515,31,19.889999999999986,23,23,1.0
516,23,17.969999999999995,20,20,1.0
517,22,18.179999999999996,20,20,1.0
518,22,20.579999999999995,22,22,1.0
519,25,19.949999999999996,22,22,1.0
520,36,17.639999999999983,22,22,1.0
521,28,20.51999999999999,23,23,1.0
522,17,15.63,17,17,1.0
523,32,19.679999999999986,23,23,1.0
524,15,8.850000000000001,11,11,1.0
525,27,17.129999999999995,20,20,1.0
526,31,16.289999999999992,20,20,1.0
527,26,20.93999999999999,23,23,1.0
528,37,15.029999999999989,20,20,1.0
529,33,13.46999999999999,18,18,1.0
530,22,18.179999999999996,20,20,1.0
531,27,19.52999999999999,22,22,1.0
532,12,10.680000000000001,12,12,1.0
533,11,9.690000000000001,11,11,1.0
534,22,20.579999999999995,22,22,1.0
535,20,13.799999999999997,16,16,1.0
536,25,13.949999999999996,17,17,1.0
537,12,7.080000000000001,9,9,1.0
538,23,20.369999999999994,22,22,1.0
539,37,18.62999999999998,23,23,1.0
540,37,15.029999999999985,20,20,1.0
541,23,20.369999999999994,22,22,1.0
542,30,18.899999999999988,22,22,1.0
543,20,13.799999999999997,16,16,1.0
544,36,18.839999999999982,23,23,1.0
545,22,20.579999999999995,22,22,1.0
546,39,18.209999999999983,23,23,1.0
547,26,20.939999999999994,23,23,1.0
548,33,15.86999999999999,20,20,1.0
549,28,20.519999999999992,23,23,1.0
550,30,20.099999999999987,23,23,1.0
551,27,19.52999999999999,22,22,1.0
552,23,21.569999999999993,23,23,1.0
553,15,14.850000000000001,16,16,1.0
554,30,20.099999999999987,23,23,1.0
555,30,16.49999999999999,20,20,1.0
556,24,17.759999999999994,20,20,1.0
557,26,20.93999999999999,23,23,1.0
558,26,12.539999999999994,16,16,1.0
559,37,15.029999999999985,20,20,1.0
560,31,12.689999999999989,17,17,1.0
561,33,15.869999999999992,20,20,1.0
562,32,16.079999999999988,20,20,1.0
563,31,16.289999999999996,20,20,1.0
564,25,19.949999999999992,22,22,1.0
565,34,19.259999999999984,23,23,1.0
566,32,16.07999999999999,20,20,1.0
567,33,18.269999999999985,22,22,1.0
568,30,20.099999999999987,23,23,1.0
569,29,20.309999999999988,23,23,1.0
570,26,19.73999999999999,22,22,1.0
571,31,12.68999999999999,17,17,1.0
572,200,-2.0000000000000013,1,8,0.125
573,37,18.62999999999998,23,23,1.0
574,33,15.869999999999992,20,20,1.0
575,31,16.289999999999992,20,20,1.0
576,200,-2.0000000000000013,1,12,0.08333333333333333
577,26,20.93999999999999,23,23,1.0
578,29,16.709999999999994,20,20,1.0
579,21,12.390000000000002,15,15,1.0
580,29,14.309999999999993,18,18,1.0
581,16,11.04,13,13,1.0
582,27,20.72999999999999,23,23,1.0
583,24,12.959999999999994,16,16,1.0
584,9,8.91,10,10,1.0
585,200,-2.0000000000000013,1,12,0.08333333333333333
586,20,15.0,17,17,1.0
587,29,16.709999999999994,20,20,1.0
588,18,14.219999999999999,16,16,1.0
589,22,12.179999999999996,15,15,1.0
590,22,13.379999999999995,16,16,1.0
591,24,17.759999999999994,20,20,1.0
592,37,15.029999999999985,20,20,1.0
593,22,12.179999999999998,15,15,1.0
594,32,19.679999999999986,23,23,1.0
595,14,9.059999999999997,11,11,1.0
596,37,17.429999999999982,22,22,1.0
597,34,19.259999999999987,23,23,1.0
598,12,8.280000000000001,10,10,1.0
599,25,17.549999999999997,20,20,1.0
600,26,20.93999999999999,23,23,1.0
601,37,15.029999999999985,20,20,1.0
602,21,13.59,16,16,1.0
603,37,15.029999999999989,20,20,1.0
604,24,21.359999999999992,23,23,1.0
605,35,19.049999999999983,23,23,1.0
606,29,20.309999999999988,23,23,1.0
607,37,15.029999999999989,20,20,1.0
608,24,21.359999999999992,23,23,1.0
609,200,-2.0000000000000013,1,11,0.09090909090909091
610,27,17.13,20,20,1.0
611,28,20.51999999999999,23,23,1.0
612,21,20.789999999999996,22,22,1.0
613,37,15.029999999999985,20,20,1.0
614,26,20.93999999999999,23,23,1.0
615,32,19.679999999999986,23,23,1.0
616,26,20.93999999999999,23,23,1.0
617,37,18.62999999999998,23,23,1.0
618,33,15.869999999999992,20,20,1.0
619,37,15.029999999999989,20,20,1.0
620,31,19.889999999999986,23,23,1.0
621,25,21.14999999999999,23,23,1.0
622,31,19.889999999999986,23,23,1.0
623,30,20.099999999999987,23,23,1.0
624,31,16.289999999999992,20,20,1.0
625,27,17.129999999999992,20,20,1.0
626,17,15.630000000000003,17,17,1.0
627,23,21.569999999999993,23,23,1.0
628,34,19.259999999999984,23,23,1.0
629,36,17.639999999999983,22,22,1.0
630,31,16.289999999999992,20,20,1.0
631,27,20.72999999999999,23,23,1.0
632,34,19.259999999999984,23,23,1.0
633,32,16.079999999999988,20,20,1.0
634,26,20.93999999999999,23,23,1.0
635,29,16.709999999999994,20,20,1.0
636,37,15.029999999999989,20,20,1.0
637,26,20.93999999999999,23,23,1.0
638,26,20.93999999999999,23,23,1.0
639,20,13.8,16,16,1.0
640,22,20.579999999999995,22,22,1.0
641,12,9.48,11,11,1.0
642,14,9.06,11,11,1.0
643,200,-2.0000000000000013,1,12,0.08333333333333333
644,36,18.839999999999982,23,23,1.0
645,12,7.080000000000001,9,9,1.0
646,27,20.72999999999999,23,23,1.0
647,27,20.72999999999999,23,23,1.0
648,31,16.289999999999992,20,20,1.0
649,34,19.259999999999984,23,23,1.0
650,31,16.289999999999992,20,20,1.0
651,17,15.630000000000003,17,17,1.0
652,32,19.679999999999986,23,23,1.0
653,8,7.920000000000001,9,9,1.0
654,29,16.709999999999994,20,20,1.0
655,28,16.919999999999998,20,20,1.0
656,7,5.73,7,7,1.0
657,20,16.2,18,18,1.0
658,31,16.289999999999992,20,20,1.0
659,34,19.259999999999984,23,23,1.0
660,37,15.029999999999985,20,20,1.0
661,31,16.289999999999992,20,20,1.0
662,30,20.099999999999987,23,23,1.0
663,24,15.359999999999996,18,18,1.0
664,24,21.359999999999992,23,23,1.0
665,39,18.20999999999998,23,23,1.0
666,37,15.029999999999987,20,20,1.0
667,23,20.369999999999994,22,22,1.0
668,32,19.679999999999986,23,23,1.0
669,33,19.469999999999985,23,23,1.0
670,33,15.86999999999999,20,20,1.0
671,33,18.269999999999985,22,22,1.0
672,28,16.91999999999999,20,20,1.0
673,25,17.549999999999997,20,20,1.0
674,29,16.709999999999994,20,20,1.0
675,200,-2.0000000000000013,1,8,0.125
676,31,16.289999999999992,20,20,1.0
677,200,-2.0000000000000013,1,10,0.1
678,30,18.899999999999988,22,22,1.0
679,37,15.029999999999985,20,20,1.0
680,28,19.31999999999999,22,22,1.0
681,27,20.72999999999999,23,23,1.0
682,33,19.469999999999985,23,23,1.0
683,27,20.72999999999999,23,23,1.0
684,34,18.059999999999985,22,22,1.0
685,32,18.479999999999986,22,22,1.0
686,31,19.889999999999986,23,23,1.0
687,28,20.51999999999999,23,23,1.0
688,24,15.359999999999998,18,18,1.0
689,27,19.52999999999999,22,22,1.0
690,32,18.479999999999986,22,22,1.0
691,34,19.259999999999987,23,23,1.0
692,34,19.259999999999984,23,23,1.0
693,200,-2.0000000000000013,1,8,0.125
694,18,14.219999999999999,16,16,1.0
695,25,17.55,20,20,1.0
696,27,17.13,20,20,1.0
697,27,17.129999999999992,20,20,1.0
698,24,21.359999999999992,23,23,1.0
699,30,16.49999999999999,20,20,1.0
700,32,18.47999999999999,22,22,1.0
701,22,20.579999999999995,22,22,1.0
702,30,16.49999999999999,20,20,1.0
703,22,21.779999999999994,23,23,1.0
704,22,20.579999999999995,22,22,1.0
705,200,-2.0000000000000013,1,8,0.125
706,30,16.49999999999999,20,20,1.0
707,31,18.689999999999987,22,22,1.0
708,20,13.8,16,16,1.0
709,31,19.889999999999986,23,23,1.0
710,29,20.309999999999988,23,23,1.0
711,27,14.729999999999993,18,18,1.0
712,28,19.31999999999999,22,22,1.0
713,27,20.72999999999999,23,23,1.0
714,22,20.579999999999995,22,22,1.0
715,12,8.280000000000001,10,10,1.0
716,14,10.260000000000002,12,12,1.0
717,27,17.129999999999995,20,20,1.0
718,30,16.499999999999993,20,20,1.0
719,33,15.86999999999999,20,20,1.0
720,18,17.82,19,19,1.0
721,28,20.51999999999999,23,23,1.0
722,32,18.479999999999986,22,22,1.0
723,37,15.029999999999985,20,20,1.0
724,200,-2.0000000000000013,1,10,0.1
725,25,19.949999999999992,22,22,1.0
726,28,16.91999999999999,20,20,1.0
727,32,18.479999999999986,22,22,1.0
728,23,17.97,20,20,1.0
729,18,14.22,16,16,1.0
730,22,18.179999999999996,20,20,1.0
731,33,15.869999999999992,20,20,1.0
732,29,14.309999999999992,18,18,1.0
733,20,16.2,18,18,1.0
734,28,15.719999999999994,19,19,1.0
735,32,16.079999999999988,20,20,1.0
736,37,15.029999999999985,20,20,1.0
737,36,17.639999999999983,22,22,1.0
738,25,17.549999999999997,20,20,1.0
739,31,16.28999999999999,20,20,1.0
740,30,20.099999999999987,23,23,1.0
741,26,19.73999999999999,22,22,1.0
742,200,-2.0000000000000013,1,16,0.0625
743,25,19.949999999999992,22,22,1.0
744,34,16.859999999999985,21,21,1.0
745,27,11.12999999999999,15,15,1.0
746,34,18.059999999999985,22,22,1.0
747,200,-2.0000000000000013,1,12,0.08333333333333333
748,28,20.51999999999999,23,23,1.0
749,34,18.059999999999985,22,22,1.0
750,34,19.259999999999984,23,23,1.0
751,33,18.269999999999985,22,22,1.0
752,200,-2.0000000000000013,1,11,0.09090909090909091
753,32,19.679999999999986,23,23,1.0
754,33,19.469999999999985,23,23,1.0
755,26,20.93999999999999,23,23,1.0
756,16,11.040000000000001,13,13,1.0
757,37,15.029999999999985,20,20,1.0
758,38,18.41999999999998,23,23,1.0
759,26,17.339999999999996,20,20,1.0
760,31,19.889999999999986,23,23,1.0
761,33,15.86999999999999,20,20,1.0
762,200,-2.0000000000000013,1,12,0.08333333333333333
763,27,17.13,20,20,1.0
764,30,15.299999999999992,19,19,1.0
765,8,7.920000000000001,9,9,1.0
766,22,18.179999999999996,20,20,1.0
767,200,-2.0000000000000013,1,12,0.08333333333333333
768,37,17.429999999999982,22,22,1.0
769,26,16.14,19,19,1.0
770,15,14.850000000000001,16,16,1.0
771,30,20.099999999999987,23,23,1.0
772,27,19.52999999999999,22,22,1.0
773,16,13.440000000000001,15,15,1.0
774,30,16.49999999999999,20,20,1.0
775,37,15.029999999999987,20,20,1.0
776,20,10.200000000000001,13,13,1.0
777,24,21.359999999999992,23,23,1.0
778,27,17.13,20,20,1.0
779,27,20.72999999999999,23,23,1.0
780,29,16.709999999999994,20,20,1.0
781,14,9.059999999999999,11,11,1.0
782,28,19.31999999999999,22,22,1.0
783,27,17.13,20,20,1.0
784,22,21.779999999999994,23,23,1.0
785,200,-2.0000000000000013,1,8,0.125
786,33,15.86999999999999,20,20,1.0
787,37,15.029999999999987,20,20,1.0
788,30,16.49999999999999,20,20,1.0
789,29,16.709999999999997,20,20,1.0
790,25,21.14999999999999,23,23,1.0
791,25,21.14999999999999,23,23,1.0
792,200,-2.0000000000000013,1,10,0.1
793,37,17.429999999999982,22,22,1.0
794,18,16.62,18,18,1.0
795,39,18.20999999999998,23,23,1.0
796,35,19.049999999999983,23,23,1.0
797,27,19.52999999999999,22,22,1.0
798,28,16.919999999999998,20,20,1.0
799,28,20.51999999999999,23,23,1.0
800,29,20.309999999999988,23,23,1.0
801,34,18.059999999999985,22,22,1.0
802,23,20.369999999999994,22,22,1.0
803,27,19.52999999999999,22,22,1.0
804,31,16.289999999999992,20,20,1.0
805,32,18.479999999999986,22,22,1.0
806,16,8.64,11,11,1.0
807,27,17.129999999999995,20,20,1.0
808,27,11.129999999999992,15,15,1.0
809,25,21.14999999999999,23,23,1.0
810,39,18.20999999999998,23,23,1.0
811,8,7.920000000000001,9,9,1.0
812,23,13.170000000000002,16,16,1.0
813,24,20.159999999999993,22,22,1.0
814,24,20.159999999999993,22,22,1.0
815,27,17.13,20,20,1.0
816,23,21.569999999999993,23,23,1.0
817,23,20.369999999999994,22,22,1.0
818,22,21.779999999999994,23,23,1.0
819,12,8.280000000000001,10,10,1.0
820,21,20.789999999999996,22,22,1.0
821,32,19.679999999999986,23,23,1.0
822,19,8.009999999999998,11,11,1.0
823,16,9.839999999999996,12,12,1.0
824,10,8.700000000000001,10,10,1.0
825,33,15.86999999999999,20,20,1.0
826,20,13.799999999999997,16,16,1.0
827,200,-2.0000000000000013,1,11,0.09090909090909091
828,37,15.029999999999987,20,20,1.0
829,27,17.129999999999992,20,20,1.0
830,37,18.62999999999998,23,23,1.0
831,31,16.289999999999992,20,20,1.0
832,30,20.099999999999987,23,23,1.0
833,28,20.51999999999999,23,23,1.0
834,25,21.14999999999999,23,23,1.0
835,21,18.389999999999997,20,20,1.0
836,28,20.51999999999999,23,23,1.0
837,37,15.029999999999987,20,20,1.0
838,29,16.709999999999994,20,20,1.0
839,30,18.899999999999988,22,22,1.0
840,27,20.72999999999999,23,23,1.0
841,29,19.10999999999999,22,22,1.0
842,34,18.059999999999985,22,22,1.0
843,27,11.12999999999999,15,15,1.0
844,200,-2.0000000000000013,1,11,0.09090909090909091
845,37,18.62999999999998,23,23,1.0
846,28,16.919999999999998,20,20,1.0
847,32,18.479999999999986,22,22,1.0
848,24,17.759999999999994,20,20,1.0
849,35,19.049999999999983,23,23,1.0
850,28,16.919999999999998,20,20,1.0
851,39,18.20999999999998,23,23,1.0
852,28,20.51999999999999,23,23,1.0
853,34,19.259999999999987,23,23,1.0
854,37,15.029999999999985,20,20,1.0
855,24,17.759999999999994,20,20,1.0
856,23,15.569999999999999,18,18,1.0
857,22,13.379999999999999,16,16,1.0
858,38,18.41999999999998,23,23,1.0
859,200,-2.0000000000000013,1,12,0.08333333333333333
860,200,-2.0000000000000013,1,12,0.08333333333333333
861,22,18.179999999999996,20,20,1.0
862,27,19.529999999999994,22,22,1.0
863,34,19.259999999999984,23,23,1.0
864,29,16.709999999999994,20,20,1.0
865,36,18.839999999999982,23,23,1.0
866,32,19.679999999999986,23,23,1.0
867,29,16.70999999999999,20,20,1.0
868,36,18.839999999999982,23,23,1.0
869,28,16.919999999999998,20,20,1.0
870,24,20.159999999999993,22,22,1.0
871,31,16.289999999999992,20,20,1.0
872,31,19.889999999999986,23,23,1.0
873,24,17.759999999999994,20,20,1.0
874,21,20.789999999999996,22,22,1.0
875,25,19.949999999999992,22,22,1.0
876,25,21.14999999999999,23,23,1.0
877,31,19.889999999999986,23,23,1.0
878,25,21.14999999999999,23,23,1.0
879,200,-2.0000000000000013,1,16,0.0625
880,23,21.569999999999993,23,23,1.0
881,24,14.159999999999998,17,17,1.0
882,39,18.20999999999998,23,23,1.0
883,28,16.919999999999998,20,20,1.0
884,34,19.259999999999984,23,23,1.0
885,200,-2.0000000000000013,1,17,0.058823529411764705
886,200,-2.0000000000000013,1,14,0.07142857142857142
887,29,16.709999999999994,20,20,1.0
888,26,20.93999999999999,23,23,1.0
889,24,11.759999999999994,15,15,1.0
890,23,20.369999999999994,22,22,1.0
891,35,17.849999999999984,22,22,1.0
892,23,13.169999999999995,16,16,1.0
893,34,19.259999999999984,23,23,1.0
894,35,17.849999999999984,22,22,1.0
895,37,15.029999999999985,20,20,1.0
896,29,16.709999999999994,20,20,1.0
897,16,15.840000000000002,17,17,1.0
898,21,20.789999999999996,22,22,1.0
899,37,15.029999999999989,20,20,1.0
900,35,19.049999999999983,23,23,1.0
901,35,17.849999999999984,22,22,1.0
902,35,17.849999999999984,22,22,1.0
903,37,15.029999999999985,20,20,1.0
904,26,17.339999999999993,20,20,1.0
905,33,15.86999999999999,20,20,1.0
906,25,21.14999999999999,23,23,1.0
907,38,18.41999999999998,23,23,1.0
908,31,16.289999999999992,20,20,1.0
909,30,16.49999999999999,20,20,1.0
910,37,15.029999999999985,20,20,1.0
911,25,17.55,20,20,1.0
912,36,17.639999999999983,22,22,1.0
913,28,20.51999999999999,23,23,1.0
914,22,20.579999999999995,22,22,1.0
915,12,8.280000000000001,10,10,1.0
916,22,18.179999999999996,20,20,1.0
917,17,15.630000000000003,17,17,1.0
918,15,11.25,13,13,1.0
919,28,19.319999999999993,22,22,1.0
920,31,16.289999999999992,20,20,1.0
921,33,18.269999999999985,22,22,1.0
922,21,20.789999999999996,22,22,1.0
923,32,16.079999999999988,20,20,1.0
924,30,14.099999999999993,18,18,1.0
925,28,19.31999999999999,22,22,1.0
926,29,16.709999999999994,20,20,1.0
927,12,8.280000000000001,10,10,1.0
928,15,8.850000000000001,11,11,1.0
929,23,21.569999999999993,23,23,1.0
930,25,19.949999999999992,22,22,1.0
931,31,16.289999999999992,20,20,1.0
932,32,16.079999999999988,20,20,1.0
933,21,20.789999999999996,22,22,1.0
934,9,8.91,10,10,1.0
935,23,20.369999999999994,22,22,1.0
936,36,18.839999999999982,23,23,1.0
937,30,18.899999999999988,22,22,1.0
938,23,11.969999999999994,15,15,1.0
939,37,15.029999999999989,20,20,1.0
940,38,18.41999999999998,23,23,1.0
941,28,20.51999999999999,23,23,1.0
942,22,21.779999999999994,23,23,1.0
943,200,-2.0000000000000013,1,12,0.08333333333333333
944,37,15.029999999999987,20,20,1.0
945,23,20.369999999999994,22,22,1.0
946,10,8.700000000000001,10,10,1.0
947,33,15.869999999999994,20,20,1.0
948,27,20.72999999999999,23,23,1.0
949,10,8.700000000000001,10,10,1.0
950,23,11.969999999999994,15,15,1.0
951,19,8.009999999999998,11,11,1.0
952,30,16.499999999999996,20,20,1.0
953,22,13.379999999999995,16,16,1.0
954,200,-2.0000000000000013,1,13,0.07692307692307693
955,14,11.459999999999999,13,13,1.0
956,23,14.369999999999996,17,17,1.0
957,34,18.059999999999985,22,22,1.0
958,200,-2.0000000000000013,1,12,0.08333333333333333
959,29,20.309999999999988,23,23,1.0
960,37,17.429999999999982,22,22,1.0
961,33,19.469999999999985,23,23,1.0
962,20,16.2,18,18,1.0
963,24,21.359999999999992,23,23,1.0
964,22,15.78,18,18,1.0
965,31,16.289999999999992,20,20,1.0
966,25,21.14999999999999,23,23,1.0
967,29,16.709999999999994,20,20,1.0
968,33,18.269999999999985,22,22,1.0
969,25,12.749999999999993,16,16,1.0
970,26,13.739999999999993,17,17,1.0
971,12,7.080000000000001,9,9,1.0
972,26,20.93999999999999,23,23,1.0
973,33,15.86999999999999,20,20,1.0
974,26,17.339999999999993,20,20,1.0
975,29,16.709999999999994,20,20,1.0
976,38,18.41999999999998,23,23,1.0
977,30,20.099999999999987,23,23,1.0
978,30,16.49999999999999,20,20,1.0
979,24,15.36,18,18,1.0
980,31,16.289999999999992,20,20,1.0
981,23,15.57,18,18,1.0
982,28,16.91999999999999,20,20,1.0
983,23,21.569999999999993,23,23,1.0
984,22,18.179999999999996,20,20,1.0
985,200,-2.0000000000000013,1,8,0.125
986,15,10.05,12,12,1.0
987,25,21.14999999999999,23,23,1.0
988,34,18.059999999999985,22,22,1.0
989,34,18.059999999999985,22,22,1.0
990,25,17.549999999999997,20,20,1.0
991,26,20.939999999999994,23,23,1.0
992,32,17.279999999999987,21,21,1.0
993,31,16.28999999999999,20,20,1.0
994,11,9.690000000000001,11,11,1.0
995,27,17.13,20,20,1.0
996,37,15.029999999999989,20,20,1.0
997,25,19.949999999999996,22,22,1.0
998,21,13.590000000000002,16,16,1.0
999,31,12.68999999999999,17,17,1.0
1000,31,16.28999999999999,20,20,1.0
